"name","p.code","spcode","shallow","mid","deep"
"Acidostoma hancocki","P002","444",22.50179154,16.80141051,NA
"Acila castrensis","P003","1330",NA,-10.71143118,25.25984358
"Acoetes pacifica","P005","51",NA,-11.32911728,-14.79636932
"Acteocina cerealis","P006","592",-2.061053407,14.80586526,16.97116966
"Acteocina culcitella","P006","2296",-2.061053407,14.80586526,16.97116966
"Acteocina harpa","P007","616",6.559296966,32.7650907,NA
"Acteocina inculta","P008","2008",57.34264302,NA,NA
"Acteon traskii","P009","1011",35.3439514,5.71502123,NA
"Adontorhina cyclia","P011","737",NA,-21.11558089,-7.525786745
"Aglaja ocelligera","P013","759",27.96006073,35.63636091,57.82386364
"Aglaophamus erectans","P014","1610",NA,NA,18.99415172
"Aglaophamus verrilli","P015","79",NA,-16.5376813,-0.670267894
"Alia tuberosa","P016","2689",120.919349,148.1797369,NA
"Alvania compacta","P021","1192",NA,-5.606906616,NA
"Alvania rosana","P022","1039",NA,-46.50147149,-22.99111636
"Amaeana occidentalis","P023","284",1.429501678,27.96298006,-11.62162228
"Amage anops","P024","78",10.95949763,21.93076898,-14.18200316
"Americhelidium rectipalmum","P496","435",-6.84977155,29.83102205,11.7438276
"Americhelidium shoemakeri","P496","2317",-6.84977155,29.83102205,11.7438276
"Americhelidium shoemakeri Cmplx","P496","468",-6.84977155,29.83102205,11.7438276
"Americhelidium sp","P496","445",-6.84977155,29.83102205,11.7438276
"Americhelidium sp SD1","P496","2316",-6.84977155,29.83102205,11.7438276
"Americhelidium sp SD4","P496","2548",-6.84977155,29.83102205,11.7438276
"Ampelisca agassizi","P025","553",-3.158556347,3.78701425,-7.875277847
"Ampelisca brachycladus","P026","1105",17.96878756,18.38589365,NA
"Ampelisca brevisimulata","P027","421",19.942732,17.41832963,-5.104562921
"Ampelisca careyi","P028","861",16.11326105,-11.30254868,-7.788808807
"Ampelisca cf brevisimulata","P027","1783",19.942732,17.41832963,-5.104562921
"Ampelisca cristata cristata","P029","557",15.06660773,20.01738704,NA
"Ampelisca cristata microdentata","P029","1687",15.06660773,20.01738704,NA
"Ampelisca hancocki","P030","377",22.38559716,-10.34017983,-11.70963951
"Ampelisca indentata","P031","1127",17.30663889,-10.48289682,NA
"Ampelisca milleri","P032","956",6.108687396,2.921402972,NA
"Ampelisca pacifica","P033","420",50.37699288,-7.966473654,-2.442327853
"Ampelisca pugetica","P034","429",13.23733803,-1.666887718,-31.24388681
"Ampelisca romigi","P035","1435",43.92832049,13.55283289,NA
"Ampelisca unsocalae","P037","2469",25.65085288,18.98649138,28.10017547
"Ampelisciphotis podophthalma","P038","494",12.46267081,-0.109591109,NA
"Ampharete acutifrons","P039","1162",NA,-8.77056626,22.66454404
"Ampharete finmarchica","P040","15",10.09351462,14.72625786,-5.019667423
"Ampharete labrops","P041","71",52.32792817,52.4628037,NA
"Amphichondrius granulatus","P042","784",NA,-18.63707535,-15.27666964
"Amphicteis glabra","P043","1535",NA,-1.617726739,NA
"Amphicteis scaphobranchiata","P044","327",33.30273761,29.01421626,7.223136079
"Amphideutopus oculatus","P045","549",-1.140956158,8.27881907,-5.244228124
"Amphiodia digitata","P046","786",48.71258849,-8.564699037,-12.22541824
"Amphiodia psara","P046","1126",48.71258849,-8.564699037,-12.22541824
"Amphiodia sp","P046","764",48.71258849,-8.564699037,-12.22541824
"Amphiodia urtica","P046","797",48.71258849,-8.564699037,-12.22541824
"Amphioplus sp","P047","2534",1.128189276,2.344453159,-3.790621597
"Amphioplus sp A","P047","889",1.128189276,2.344453159,-3.790621597
"Amphioplus strongyloplax","P047","2449",1.128189276,2.344453159,-3.790621597
"Amphipholis pugetana","P048","1560",19.6936241,-9.340818387,-10.03964746
"Amphipholis sp","P048","2693",19.6936241,-9.340818387,-10.03964746
"Amphipholis squamata","P048","1142",19.6936241,-9.340818387,-10.03964746
"Amphissa undata","P049","709",3.051220554,-20.77628586,76.17220007
"Amphissa versicolor","P050","1464",NA,0.285948778,NA
"Amphiura arcystata","P051","798",22.06976177,-24.90503179,-28.86239531
"Amygdalum politum","P052","666",NA,-23.37394045,-20.05590057
"Anchicolurus occidentalis","P053","516",-39.12706863,NA,NA
"Ancistrosyllis groenlandica","P054","1577",40.10103515,56.32509127,25.80314495
"Ancistrosyllis hamata","P054","180",40.10103515,56.32509127,25.80314495
"Ancistrosyllis sp","P054","2216",40.10103515,56.32509127,25.80314495
"Anobothrus gracilis","P055","838",NA,-11.15637239,8.29188909
"Anonyx lilljeborgi","P056","1152",NA,-24.38118623,NA
"Anotomastus gordiodes","P057","1012",-11.04298826,11.23355285,NA
"Aoroides columbiae","P058","548",0.806286714,14.17370493,-25.96555185
"Aoroides exilis","P058","922",0.806286714,14.17370493,-25.96555185
"Aoroides inermis","P058","1029",0.806286714,14.17370493,-25.96555185
"Aoroides intermedia","P058","1087",0.806286714,14.17370493,-25.96555185
"Aoroides secundus","P058","2197",0.806286714,14.17370493,-25.96555185
"Aoroides sp","P058","906",0.806286714,14.17370493,-25.96555185
"Aoroides sp A","P058","1703",0.806286714,14.17370493,-25.96555185
"Aoroides spinosa","P058","923",0.806286714,14.17370493,-25.96555185
"Aphelochaeta glandaria Cmplx","P059","842",68.80357744,85.58269517,39.28049587
"Aphelochaeta monilaris","P059","1489",68.80357744,85.58269517,39.28049587
"Aphelochaeta petersenae","P059","2397",68.80357744,85.58269517,39.28049587
"Aphelochaeta phillipsi","P059","1887",68.80357744,85.58269517,39.28049587
"Aphelochaeta sp","P059","1499",68.80357744,85.58269517,39.28049587
"Aphelochaeta sp HYP2","P059","2123",68.80357744,85.58269517,39.28049587
"Aphelochaeta sp LA1","P059","1562",68.80357744,85.58269517,39.28049587
"Aphelochaeta sp LA2","P059","2272",68.80357744,85.58269517,39.28049587
"Aphelochaeta sp SD13","P059","2721",68.80357744,85.58269517,39.28049587
"Aphelochaeta sp SD14","P059","2732",68.80357744,85.58269517,39.28049587
"Aphelochaeta sp SD15","P059","2733",68.80357744,85.58269517,39.28049587
"Aphelochaeta sp SD16","P059","2734",68.80357744,85.58269517,39.28049587
"Aphelochaeta sp SD17","P059","2735",68.80357744,85.58269517,39.28049587
"Aphelochaeta sp SD3","P059","2171",68.80357744,85.58269517,39.28049587
"Aphelochaeta sp SD5","P059","2282",68.80357744,85.58269517,39.28049587
"Aphelochaeta tigrina","P059","1573",68.80357744,85.58269517,39.28049587
"Aphelochaeta williamsae","P059","1888",68.80357744,85.58269517,39.28049587
"Aphrodita armifera","P060","1462",11.37759756,3.339510846,NA
"Aphrodita castanea","P060","2563",11.37759756,3.339510846,NA
"Aphrodita longipalpa","P060","2633",11.37759756,3.339510846,NA
"Aphrodita refulgida","P060","1047",11.37759756,3.339510846,NA
"Aphrodita sp","P060","168",11.37759756,3.339510846,NA
"Aphrodita sp A","P060","2642",11.37759756,3.339510846,NA
"Apistobranchus ornatus","P061","998",6.122298534,-21.01640865,NA
"Apodida","P495","2658",4.29168575,-11.24156642,-20.57737782
"Apoprionospio pygmaea","P063","80",17.20755342,26.20345803,NA
"Arabella sp","P064","17",48.89289328,36.42176764,NA
"Arachnanthus sp A","P111","1736",36.18064797,12.45712726,-18.35194347
"Araphura breviaria","P065","1907",13.83486723,-0.355800641,6.653105705
"Araphura cuspirostris","P066","1908",NA,-3.327214869,3.929001197
"Argissa hamatipes","P067","427",22.7500815,26.15344977,NA
"Arhynchite californicus","P068","1840",NA,NA,59.5369282
"Aricidea (Acmira) catherinae","P004","99",40.79202483,32.30160093,0.57741083
"Aricidea (Acmira) cerrutii","P004","1767",40.79202483,32.30160093,0.57741083
"Aricidea (Acmira) horikoshii","P004","98",40.79202483,32.30160093,0.57741083
"Aricidea (Acmira) lopezi","P004","105",40.79202483,32.30160093,0.57741083
"Aricidea (Acmira) rubra","P004","2052",40.79202483,32.30160093,0.57741083
"Aricidea (Acmira) simplex","P004","319",40.79202483,32.30160093,0.57741083
"Aricidea (Acmira) sp","P004","166",40.79202483,32.30160093,0.57741083
"Aricidea (Acmira) sp SD1","P004","2151",40.79202483,32.30160093,0.57741083
"Aricidea (Acmira) sp SD2","P004","2626",40.79202483,32.30160093,0.57741083
"Aricidea (Acmira) sp SD3","P004","2827",40.79202483,32.30160093,0.57741083
"Aricidea (Aedicira ) pacifica","P012","2641",NA,14.40520831,NA
"Aricidea (Allia) antennata","P017","1158",NA,-7.950453779,9.390053931
"Aricidea (Allia) hartleyi","P018","108",NA,-8.218886508,NA
"Aricidea (Allia) sp A","P019","153",16.41637254,-4.761212056,-7.787916303
"Aricidea (Aricidea) wassi","P069","83",12.97300784,24.5192545,NA
"Armandia brevis","P070","232",129.0264951,142.0152919,138.4682043
"Armina californica","P071","720",43.96745352,32.5003269,NA
"Artacamella hancocki","P072","422",3.05299094,-9.908481997,-26.74754024
"Aruga holmesi","P073","578",NA,-18.75054181,-22.39580117
"Aruga oculata","P074","466",26.5277293,10.51258802,NA
"Asabellides lineata","P075","97",19.75905693,-18.58553162,-6.904741394
"Asteropella slatteryi","P076","500",-6.062034943,0.32239808,16.42499203
"Asthenothaerus diegensis","P379","2011",18.79382112,33.78649639,NA
"Astropecten verrilli","P077","800",-5.981553408,6.53794015,-14.05260359
"Autolytus sp","P078","43",NA,3.836445912,NA
"Axinopsida serricata","P079","612",69.74568306,26.96465537,60.36019459
"Balanoglossus sp","P163","1821",55.12070874,11.42300989,2.466443016
"Balcis berryi","P291","1558",4.102250445,16.45856702,-6.52559234
"Balcis micans","P291","2394",4.102250445,16.45856702,-6.52559234
"Balcis oldroydae","P291","1215",4.102250445,16.45856702,-6.52559234
"Bathyleberis cf garthi","P080","2323",45.95417502,30.60998521,-15.44545681
"Bathyleberis hancocki","P080","1845",45.95417502,30.60998521,-15.44545681
"Bathyleberis sp","P080","1666",45.95417502,30.60998521,-15.44545681
"Bathyleberis sp LA1","P080","2757",45.95417502,30.60998521,-15.44545681
"Bathymedon pumilus","P081","1061",NA,-15.11194956,-14.91960668
"Bathymedon vulpeculus","P082","2477",NA,NA,2.840225934
"Bemlos audbettius","P083","1036",-3.388355346,-4.470415368,-43.2135693
"Blepharipoda occidentalis","P085","403",-21.34549467,NA,NA
"Boccardia basilaria","P086","1544",50.74630982,39.31772813,NA
"Boccardiella hamata","P087","2235",NA,NA,89.00062449
"Brada pluribranchiata","P088","186",NA,-42.15124933,NA
"Brada villosa","P089","222",29.28069325,-5.333834745,NA
"Branchiostoma californiense","P090","822",-19.47973767,NA,NA
"Brisaster latifrons","P091","1588",NA,NA,2.950057132
"Brisaster sp","P091","2607",NA,NA,2.950057132
"Brisaster townsendi","P091","2716",NA,NA,2.950057132
"Brissopsis pacifica","P092","999",NA,NA,-8.769752298
"Byblis millsi","P093","1897",33.432269,-4.664513984,-34.45625134
"Byblis veleronis","P093","1898",33.432269,-4.664513984,-34.45625134
"Caecognathia crenulatifrons","P212","507",18.38221902,22.647014,9.440042114
"Caesia fossatus","P315","2319",25.06144623,NA,NA
"Caesia perpinguis","P318","637",26.08031522,42.87676536,77.21432531
"Calinaticina oldroydii","P095","1293",36.24947174,23.88273383,NA
"Callianax baetica","P342","632",37.51752705,76.63601655,NA
"Callithaca tenerrima","P432","1677",66.47244401,NA,NA
"Calocarides spinulicauda","P001","996",NA,8.764602406,NA
"Calyptraea fastigiata","P096","667",26.7877493,19.64748751,NA
"Campylaspis canaliculata","P097","558",-2.015836168,-6.270542547,NA
"Campylaspis hartae","P098","872",NA,-16.9174972,NA
"Campylaspis maculinodulosa","P100","1311",24.64014276,NA,NA
"Campylaspis rubromaculata","P099","456",4.168179769,-2.481095628,-13.52059586
"Capitella teleta","P103","204",67.14508245,83.76980623,89.49453515
"Carazziella sp A","P104","993",54.94728994,29.1406919,NA
"Cardiomya pectinata","P105","1109",NA,-0.675630991,9.59975414
"Cardiomya planetica","P105","1943",NA,-0.675630991,9.59975414
"Cardiomya sp","P105","1671",NA,-0.675630991,9.59975414
"Caudina arenicola","P106","953",NA,18.24933012,NA
"Caulleriella alata","P107","143",103.3385772,137.8462764,NA
"Caulleriella pacifica","P107","1926",103.3385772,137.8462764,NA
"Cephalophoxoides homilis","P109","1194",NA,-29.65361575,-34.18424732
"Cerapus tubularis Cmplx","P110","407",-13.82492847,12.1769702,NA
"Ceriantharia","P111","892",36.18064797,12.45712726,-18.35194347
"Ceriantharia sp C","P111","1899",36.18064797,12.45712726,-18.35194347
"Ceriantharia sp N","P111","2042",36.18064797,12.45712726,-18.35194347
"Cerithiopsis sp","P112","2237",NA,13.55415226,NA
"Chaetoderma elegans","P062","2391",37.87627117,19.19628494,9.937923055
"Chaetoderma marinelli","P062","2349",37.87627117,19.19628494,9.937923055
"Chaetoderma nanulum","P062","2550",37.87627117,19.19628494,9.937923055
"Chaetoderma pacificum","P062","2350",37.87627117,19.19628494,9.937923055
"Chaetoderma sp","P062","2368",37.87627117,19.19628494,9.937923055
"Chaetoderma sp A","P062","2759",37.87627117,19.19628494,9.937923055
"Chaetoderma sp SD1","P062","2551",37.87627117,19.19628494,9.937923055
"Chaetopterus variopedatus Cmplx","P113","1619",28.56221603,NA,NA
"Chaetozone armata","P114","948",31.05342644,28.73412082,NA
"Chaetozone bansei","P116","2772",25.08138731,28.68180877,2.773794415
"Chaetozone commonalis","P116","2455",25.08138731,28.68180877,2.773794415
"Chaetozone corona","P115","148",35.96697261,51.06824513,NA
"Chaetozone hartmanae","P108","189",NA,-8.593857267,0.115623808
"Chaetozone hedgpethi","P116","1903",25.08138731,28.68180877,2.773794415
"Chaetozone lunula","P116","2773",25.08138731,28.68180877,2.773794415
"Chaetozone senticosa","P116","2604",25.08138731,28.68180877,2.773794415
"Chaetozone setosa Cmplx","P116","192",25.08138731,28.68180877,2.773794415
"Chaetozone sp SD1","P116","2035",25.08138731,28.68180877,2.773794415
"Chaetozone sp SD2","P116","2036",25.08138731,28.68180877,2.773794415
"Chaetozone sp SD3","P116","1912",25.08138731,28.68180877,2.773794415
"Chaetozone sp SD4","P116","2156",25.08138731,28.68180877,2.773794415
"Chaetozone sp SD5","P116","2128",25.08138731,28.68180877,2.773794415
"Chaetozone sp SD6","P116","2172",25.08138731,28.68180877,2.773794415
"Chaetozone spinosa","P116","1904",25.08138731,28.68180877,2.773794415
"Chione sp","P117","661",77.76728829,133.3337268,NA
"Chione undatella","P117","1651",77.76728829,133.3337268,NA
"Chiridota sp","P495","1129",4.29168575,-11.24156642,-20.57737782
"Chloeia pinnata","P118","201",37.60743944,19.01864652,26.91740939
"Chone albocincta","P119","990",4.610313072,14.76184037,26.71684639
"Chone bimaculata","P119","1945",4.610313072,14.76184037,26.71684639
"Chone ecaudata","P119","991",4.610313072,14.76184037,26.71684639
"Chone eiffelturris","P119","1853",4.610313072,14.76184037,26.71684639
"Chone paramollis","P119","1046",4.610313072,14.76184037,26.71684639
"Chone sp","P119","295",4.610313072,14.76184037,26.71684639
"Chone sp B","P119","1165",4.610313072,14.76184037,26.71684639
"Chone sp SD3","P119","2632",4.610313072,14.76184037,26.71684639
"Chone trilineata","P119","989",4.610313072,14.76184037,26.71684639
"Chone veleronis","P119","988",4.610313072,14.76184037,26.71684639
"Cirratulus multioculatus","P120","2326",41.27427354,26.88225247,NA
"Cirratulus sp","P120","2712",41.27427354,26.88225247,NA
"Cirratulus sp SD1","P120","343",41.27427354,26.88225247,NA
"Cirratulus sp SD2","P120","2487",41.27427354,26.88225247,NA
"Cirriformia sp","P121","221",4.347447668,36.39988859,NA
"Cirriformia sp B","P121","2133",4.347447668,36.39988859,NA
"Cirriformia sp LA1","P121","2148",4.347447668,36.39988859,NA
"Cirriformia sp SD1","P121","1843",4.347447668,36.39988859,NA
"Cirriformia sp SD2","P121","2306",4.347447668,36.39988859,NA
"Cirriformia sp SD3","P121","2586",4.347447668,36.39988859,NA
"Cirriformia spirabrancha","P121","947",4.347447668,36.39988859,NA
"Cirrophorus branchiatus","P122","1643",NA,NA,-2.844197497
"Cirrophorus furcatus","P123","1002",15.53020841,20.37528275,NA
"Clymenella complanata","P124","152",16.85045784,-9.617556224,NA
"Clymenura gracilis","P125","24",NA,-36.01903426,-31.43531477
"Compressidens stearnsii","P197","2442",19.61596087,26.02717537,-14.54614189
"Compsomyax subdiaphana","P126","660",51.79102264,41.18375385,NA
"Conus californicus","P127","1392",100.2107489,132.7160796,NA
"Cooperella subdiaphana","P128","659",47.20803189,42.81984901,NA
"Corbula luteola","P129","658",NA,34.17464629,NA
"Corbula porcella","P129","2343",NA,34.17464629,NA
"Corymorpha bigelowi","P131","1177",6.570994358,-25.34549828,NA
"Corymorpha palma","P131","2191",6.570994358,-25.34549828,NA
"Corymorpha sp","P131","2150",6.570994358,-25.34549828,NA
"Cossura candida","P132","227",60.8858179,42.21857237,20.91035519
"Cossura sp","P132","1661",60.8858179,42.21857237,20.91035519
"Cossura sp A","P132","1536",60.8858179,42.21857237,20.91035519
"Crangon alaskensis","P133","493",-0.293758208,NA,NA
"Crenella decussata","P134","1185",35.88348522,8.859293759,NA
"Crepidula glottidiarum","P135","1473",31.33821972,30.74217035,NA
"Crepidula onyx","P135","1465",31.33821972,30.74217035,NA
"Crepidula perforans","P135","703",31.33821972,30.74217035,NA
"Crepidula sp","P135","600",31.33821972,30.74217035,NA
"Cryptomya californica","P136","1579",83.42579425,NA,NA
"Cumella californica","P137","1068",NA,-5.010383268,NA
"Cuspidaria parapodema","P138","704",NA,18.09486977,20.74575646
"Cyclaspis nubila","P139","492",-5.611241303,NA,NA
"Cyclocardia ventricosa","P140","1286",NA,-31.47276207,30.35551858
"Cylichna diegensis","P141","657",26.47397619,37.12507701,52.20449726
"Decamastus gracilis","P142","1163",74.77713695,54.51864773,58.23361769
"Deflexilodes enigmaticus","P306","2160",1.26638972,-0.930244318,12.32330058
"Deflexilodes norvegicus","P306","424",1.26638972,-0.930244318,12.32330058
"Deilocerus planus","P143","496",29.63553548,0.846042857,NA
"Delectopecten vancouverensis","P144","708",NA,-41.97190894,-4.568018178
"Dendraster terminalis","P145","792",-10.24833038,10.44952734,NA
"Dentalium neohexagonum","P146","655",-2.964478857,8.422606976,5.742597325
"Dentalium vallicolens","P146","1327",-2.964478857,8.422606976,5.742597325
"Diastylis californica","P147","515",13.30331491,16.93301154,NA
"Diastylis crenellata","P150","1073",NA,0.532146723,8.116977777
"Diastylis pellucida","P149","1574",NA,NA,39.52499191
"Diastylis sentosa","P148","1419",NA,NA,-0.712187438
"Diastylopsis tenuis","P151","514",-33.16293259,18.16787434,NA
"Diopatra ornata","P152","66",20.15083581,35.95111579,25.34062657
"Diopatra splendidissima","P153","1015",12.97752409,9.21576186,NA
"Diopatra tridentata","P154","850",8.483873557,15.5031389,NA
"Dipolydora akaina","P419","1592",18.70734419,28.91058323,-0.351760554
"Dipolydora barbilla","P419","2137",18.70734419,28.91058323,-0.351760554
"Dipolydora bidentata","P419","2111",18.70734419,28.91058323,-0.351760554
"Dipolydora caulleryi","P419","2747",18.70734419,28.91058323,-0.351760554
"Dipolydora commensalis","P419","2691",18.70734419,28.91058323,-0.351760554
"Dipolydora elegantissima","P419","2646",18.70734419,28.91058323,-0.351760554
"Dipolydora socialis","P419","1523",18.70734419,28.91058323,-0.351760554
"Dipolydora sp","P419","1954",18.70734419,28.91058323,-0.351760554
"Divariscintilla sp A","P198","2341",NA,NA,-5.691683749
"Dorvillea (Schistomeringos) annulata","P155","1723",114.532634,123.5436299,104.058732
"Dorvillea (Schistomeringos) longicornis","P155","174",114.532634,123.5436299,104.058732
"Dorvillea (Schistomeringos) sp","P155","2193",114.532634,123.5436299,104.058732
"Dougaloplus amphacanthus","P156","783",NA,-47.68791442,-12.45409454
"Dougaloplus sp","P156","1530",NA,-47.68791442,-12.45409454
"Dougaloplus sp A","P156","1172",NA,-47.68791442,-12.45409454
"Drilonereis falcata","P157","1715",13.249622,19.90622176,0.303232242
"Drilonereis filum","P157","2651",13.249622,19.90622176,0.303232242
"Drilonereis longa","P157","25",13.249622,19.90622176,0.303232242
"Drilonereis mexicana","P157","2135",13.249622,19.90622176,0.303232242
"Drilonereis nuda","P157","1261",13.249622,19.90622176,0.303232242
"Drilonereis sp","P157","58",13.249622,19.90622176,0.303232242
"Drilonereis sp A","P157","1886",13.249622,19.90622176,0.303232242
"Drilonereis sp LA1","P157","2822",13.249622,19.90622176,0.303232242
"Eclysippe trilobata","P158","109",NA,-30.67242606,-41.26853476
"Edotia sp","P159","1668",-9.767040494,8.10908331,NA
"Edotia sp B","P159","1612",-9.767040494,8.10908331,NA
"Edotia sp SD1","P159","2167",-9.767040494,8.10908331,NA
"Edotia sublittoralis","P159","508",-9.767040494,8.10908331,NA
"Edwardsia californica","P160","2122",15.33546266,34.7314178,5.779622911
"Edwardsia profunda","P160","2718",15.33546266,34.7314178,5.779622911
"Edwardsia sp G","P160","1856",15.33546266,34.7314178,5.779622911
"Edwardsiidae","P160","1826",15.33546266,34.7314178,5.779622911
"Ennucula tenuis","P161","691",15.5577083,-0.374138022,-4.549085759
"Ensis myrae","P162","728",-1.474279215,26.47073571,NA
"Enteropneusta","P163","813",55.12070874,11.42300989,2.466443016
"Entodesma pictum","P164","2509",NA,2.217768085,NA
"Ephesiella brevicapitis","P165","9",25.95982551,-7.477176404,NA
"Epitoniidae","P166","654",1.069702048,29.47561014,NA
"Epitonium (Asperiscala) sp","P166","1208",1.069702048,29.47561014,NA
"Epitonium (Nitidiscala) sp","P166","1209",1.069702048,29.47561014,NA
"Epitonium bellastriatum","P166","1207",1.069702048,29.47561014,NA
"Epitonium berryi","P166","2364",1.069702048,29.47561014,NA
"Epitonium hindsii","P166","2764",1.069702048,29.47561014,NA
"Epitonium lowei","P166","2382",1.069702048,29.47561014,NA
"Epitonium sawinae","P166","2365",1.069702048,29.47561014,NA
"Eranno bicirrata","P270","81",49.38061631,30.22813727,19.07646748
"Eranno lagunae","P167","351",32.36669557,-7.723703188,41.83589177
"Ericthonius brasiliensis","P168","547",36.22516344,8.888693732,NA
"Ericthonius rubricornis","P169","1673",NA,NA,-4.410753427
"Erileptus spinosus","P170","370",NA,-11.67449076,NA
"Eteone aestuarina","P171","2212",87.00377105,26.8956956,NA
"Eteone brigitteae","P171","2564",87.00377105,26.8956956,NA
"Eteone fauchaldi","P171","2071",87.00377105,26.8956956,NA
"Eteone leptotes","P171","2553",87.00377105,26.8956956,NA
"Eteone pigmentata","P171","2292",87.00377105,26.8956956,NA
"Eteone sp","P171","311",87.00377105,26.8956956,NA
"Euchone arenae","P172","1081",-11.4032951,-11.52127174,2.22736579
"Euchone hancocki","P172","1059",-11.4032951,-11.52127174,2.22736579
"Euchone incolor","P172","347",-11.4032951,-11.52127174,2.22736579
"Euchone limnicola","P172","2127",-11.4032951,-11.52127174,2.22736579
"Euchone sp","P172","38",-11.4032951,-11.52127174,2.22736579
"Euchone sp A","P172","1089",-11.4032951,-11.52127174,2.22736579
"Euchone sp SD2","P172","2576",-11.4032951,-11.52127174,2.22736579
"Eudorella pacifica","P173","454",NA,-9.686183588,-8.305996495
"Eudorellopsis longirostris","P174","433",NA,-28.9867057,-23.08135728
"Eulalia californiensis","P175","91",13.93495932,7.067245111,9.21336703
"Eulalia levicornuta Cmplx","P175","310",13.93495932,7.067245111,9.21336703
"Eulalia quadrioculata","P175","85",13.93495932,7.067245111,9.21336703
"Eulalia sp","P175","1328",13.93495932,7.067245111,9.21336703
"Eulalia sp SD1","P175","2571",13.93495932,7.067245111,9.21336703
"Eulalia sp SD3","P175","2605",13.93495932,7.067245111,9.21336703
"Eulalia sp SD4","P175","2765",13.93495932,7.067245111,9.21336703
"Eulima raymondi","P176","653",1.725618189,13.04233227,NA
"Eumida longicornuta","P177","116",35.12783264,60.96134771,49.52735957
"Eunice americana","P178","224",20.62821383,8.116823049,25.88823673
"Euphilomedes carcharodonta","P180","498",71.11094079,59.538555,42.63525121
"Euphilomedes producta","P181","1117",NA,-9.836001156,26.7807708
"Euphysa sp A","P182","834",14.28750618,8.958872871,NA
"Eupolymnia heterobranchia","P183","928",45.74364446,49.09507968,NA
"Eurydice caudata","P184","471",26.55389816,28.42585783,NA
"Eusarsiella thominx","P185","26",34.02688128,9.690031581,NA
"Euspira draconis","P416","705",25.17679218,61.23548488,NA
"Euspira lewisii","P417","1729",NA,32.76514438,NA
"Eusyllis transecta","P186","92",-8.385939469,-7.597650101,NA
"Exogone breviseta","P187","1166",13.05751064,0.059523118,NA
"Exogone dwisula","P188","365",-8.495506898,11.2166499,NA
"Exogone lourei","P189","175",13.46443628,10.49860275,-2.405420177
"Exogone molesta","P190","1082",NA,-10.26071249,NA
"Eyakia robusta","P191","1140",NA,-40.37800766,-28.60943593
"Fabrisabella sp A","P119","1422",4.610313072,14.76184037,26.71684639
"Falcidens hartmanae","P062","2615",37.87627117,19.19628494,9.937923055
"Falcidens longus","P062","2351",37.87627117,19.19628494,9.937923055
"Falcidens macracanthos","P062","2697",37.87627117,19.19628494,9.937923055
"Falcidens sp","P062","2367",37.87627117,19.19628494,9.937923055
"Fauveliopsis glabra","P192","2628",NA,NA,-11.48924999
"Fauveliopsis sp","P192","1876",NA,NA,-11.48924999
"Fauveliopsis sp SD1","P192","1007",NA,NA,-11.48924999
"Foxiphalus cognatus","P193","1656",15.97951557,36.03795601,NA
"Foxiphalus golfensis","P194","1077",12.91025978,19.69430464,NA
"Foxiphalus obtusidens","P195","436",15.75432323,24.4921951,23.17603958
"Foxiphalus similis","P196","389",NA,-22.41830373,-36.38117959
"Gadila aberrans","P197","761",19.61596087,26.02717537,-14.54614189
"Galathowenia pygidialis","P311","497",-2.075254744,-3.22101506,-2.632939903
"Gammaropsis ociosa","P199","1151",NA,-30.87899118,-48.34409824
"Gammaropsis thompsoni","P200","431",16.34342424,18.12873917,NA
"Garnotia naticarum","P135","2644",31.33821972,30.74217035,NA
"Gastropteron pacificum","P202","609",15.50136664,12.0059827,11.13931876
"Gibberosus myersi","P203","546",-18.01668446,NA,NA
"Gitana calitemplado","P204","1018",-4.167134595,-8.851052601,NA
"Glossaulax reclusianus","P332","635",29.66979153,57.13686365,54.23314643
"Glottidia albida","P205","801",7.386446284,10.90035428,NA
"Glycera americana","P206","194",56.93498581,79.29318472,55.19531197
"Glycera macrobranchia","P207","6",-10.03515706,NA,NA
"Glycera nana","P208","185",50.61239139,39.82902283,53.63663555
"Glycera oxycephala","P209","966",-4.069616121,10.40981222,-67.80110437
"Glycinde armigera","P210","218",19.12903074,19.125962,38.52583165
"Glyphocuma sp A","P211","1314",NA,-64.41945595,NA
"Goniada brunnea","P213","261",-0.839415762,16.61462835,22.47247585
"Goniada littorea","P214","1013",22.19497039,12.16108286,NA
"Goniada maculata","P215","367",49.2989195,19.32707831,30.5297939
"Gymnonereis crosslandi","P216","14",64.07576965,14.09059692,14.82199634
"Halicoides synopiae","P217","428",NA,-32.46323064,-15.3995094
"Haliophasma geminatum","P218","396",26.44202236,1.889962102,-9.185275739
"Halistylus pupoideus","P219","652",-41.9496603,-15.50744729,NA
"Halosydna brevisetosa","P220","1901",28.44425326,29.22432125,NA
"Hamatoscalpellum californicum","P221","530",42.68430363,2.661494794,-21.4414998
"Harpiniopsis fulgens","P222","2340",NA,NA,2.164605143
"Hartmanodes hartmanae","P306","376",1.26638972,-0.930244318,12.32330058
"Hartmanodes sp","P306","2584",1.26638972,-0.930244318,12.32330058
"Hartmanodes sp SD1","P306","1813",1.26638972,-0.930244318,12.32330058
"Hemichordata","P163","814",55.12070874,11.42300989,2.466443016
"Hemilamprops californicus","P223","513",-19.87297759,21.19137236,NA
"Hemiproto sp A","P224","1150",NA,-29.98167698,-60.33174495
"Heptacarpus stimpsoni","P225","964",28.45415488,NA,NA
"Hesperonoe laevis","P226","37",54.81290569,39.01924743,42.58390285
"Heterocrypta occidentalis","P227","522",0.911485953,10.43981558,NA
"Heteromastus filobranchus","P228","1259",NA,118.9428985,80.19123724
"Heterophoxus affinis","P229","1585",38.8690658,16.35352551,-0.68166177
"Heterophoxus ellisi","P229","1593",38.8690658,16.35352551,-0.68166177
"Heterophoxus oculatus","P229","537",38.8690658,16.35352551,-0.68166177
"Heterophoxus sp","P229","1590",38.8690658,16.35352551,-0.68166177
"Heteroserolis carinata","P462","474",13.53871927,-6.580560404,NA
"Hiatella arctica","P230","733",58.77860499,12.69824379,NA
"Hima mendica","P317","1102",118.2539708,138.799366,NA
"Hinea insculpta","P316","1778",NA,NA,104.990875
"Hippomedon columbianus","P231","1529",-20.04301185,-2.868398912,-8.714774901
"Hippomedon sp","P231","440",-20.04301185,-2.868398912,-8.714774901
"Hippomedon sp A","P231","1513",-20.04301185,-2.868398912,-8.714774901
"Hippomedon zetesimus","P231","1608",-20.04301185,-2.868398912,-8.714774901
"Hornellia occidentalis","P232","1617",-17.40419304,NA,NA
"Huxleyia munita","P233","650",NA,NA,-66.31851645
"Hyalidae","P234","1565",109.002637,135.9286711,NA
"Hyalinoecia juvenalis","P235","154",-0.874300214,-9.144497399,NA
"Idarcturus allelomorphus","P236","505",NA,-6.688317289,NA
"Ilyarachna acarina","P237","1587",NA,NA,-25.50281118
"Jasmineira sp B","P119","992",4.610313072,14.76184037,26.71684639
"Joeropsis dubia","P238","430",37.12574182,29.72342478,NA
"Kurtzia arteaga","P239","649",26.31592911,14.29124329,3.370031541
"Kurtziella plumbea","P241","647",-1.491762136,54.37964055,NA
"Kurtzina beta","P240","648",23.76249872,38.46325207,25.59897443
"Lamprops carinatus","P242","1928",NA,-17.81915796,NA
"Lamprops quadriplicatus","P243","491",-35.75208603,NA,NA
"Lanassa sp","P244","1283",5.80909745,-37.3534973,-19.11279504
"Lanassa venusta venusta","P244","1262",5.80909745,-37.3534973,-19.11279504
"Lanice conchilega","P245","282",36.96491027,33.32308444,0.237296366
"Laonice cirrata","P247","262",24.95542079,38.60224094,23.24420628
"Laonice nuchala","P246","162",NA,5.500479692,8.424550003
"Laticorophium baconi","P130","1227",25.66352863,34.04024834,NA
"Leitoscoloplos pugettensis","P248","230",42.48903888,47.52981375,8.019257679
"Lepidasthenia berkeleyae","P249","62",NA,35.46855881,42.90226594
"Lepidepecreum serraculum","P250","867",17.85670666,7.879218932,-23.28679496
"Leptochelia dubia","P251","577",11.92285577,6.554285981,-22.34027126
"Leptochiton nexus","P252","2805",NA,-36.95126509,NA
"Leptochiton rugatus","P252","1316",NA,-36.95126509,NA
"Leptochiton sp","P252","2522",NA,-36.95126509,NA
"Leptopecten latiauratus","P253","679",12.48206895,21.57474553,NA
"Leptostylis abditis","P255","1216",NA,-21.20209691,NA
"Leptostylis calva","P254","467",50.53034316,8.079965115,NA
"Leptosynapta sp","P495","789",4.29168575,-11.24156642,-20.57737782
"Leucon subnasica","P256","465",NA,11.67333962,NA
"Leukoma laciniata","P432","2247",66.47244401,NA,NA
"Leukoma staminea","P432","1992",66.47244401,NA,NA
"Leuroleberis sharpei","P257","766",-1.981705428,11.20577392,NA
"Levinsenia gracilis","P258","318",59.14142863,25.03943492,12.64250872
"Levinsenia multibranchiata","P258","2512",59.14142863,25.03943492,12.64250872
"Levinsenia oculata","P258","2742",59.14142863,25.03943492,12.64250872
"Levinsenia sp","P258","1060",59.14142863,25.03943492,12.64250872
"Levinsenia sp B","P258","852",59.14142863,25.03943492,12.64250872
"Levinsenia sp SD1","P258","2058",59.14142863,25.03943492,12.64250872
"Limifossor fratula","P062","1520",37.87627117,19.19628494,9.937923055
"Lirobittium calenum","P084","2724",-3.566568381,15.54375213,18.10484605
"Lirobittium larum","P084","610",-3.566568381,15.54375213,18.10484605
"Lirobittium rugatum","P084","1559",-3.566568381,15.54375213,18.10484605
"Lirobittium sp","P084","1663",-3.566568381,15.54375213,18.10484605
"Listriella diffusa","P259","483",-17.76205967,31.75497132,NA
"Listriella eriopisa","P260","487",35.0267077,30.00774061,NA
"Listriella goleta","P261","543",60.71811369,63.09992639,61.73135344
"Listriella melanica","P262","866",26.14198007,34.3472833,NA
"Listriolobus pelodes","P263","816",83.85896762,38.60620242,63.69943081
"Loimia sp A","P264","280",43.06383614,19.85500582,NA
"Lovenia cordiformis","P265","782",-27.14593217,8.470980231,NA
"Lucinisca nuttalli","P266","689",107.7636406,85.69224389,NA
"Lucinoma annulatum","P267","727",39.36235107,53.29179627,80.05915467
"Luidia armata","P268","1203",NA,-18.92590253,NA
"Luidia asthenosoma","P268","1476",NA,-18.92590253,NA
"Luidia foliolata","P268","780",NA,-18.92590253,NA
"Luidia sp","P268","1440",NA,-18.92590253,NA
"Lumbrinerides platypygos","P269","90",-3.065980338,-17.633728,NA
"Lumbrineris cruzensis","P270","121",49.38061631,30.22813727,19.07646748
"Lumbrineris index","P270","1226",49.38061631,30.22813727,19.07646748
"Lumbrineris japonica","P270","1179",49.38061631,30.22813727,19.07646748
"Lumbrineris latreilli","P270","1197",49.38061631,30.22813727,19.07646748
"Lumbrineris limicola","P270","1132",49.38061631,30.22813727,19.07646748
"Lumbrineris lingulata","P270","939",49.38061631,30.22813727,19.07646748
"Lumbrineris sp","P270","256",49.38061631,30.22813727,19.07646748
"Lumbrineris sp E","P270","2330",49.38061631,30.22813727,19.07646748
"Lumbrineris sp GROUP I","P270","364",49.38061631,30.22813727,19.07646748
"Lumbrineris sp GROUP II","P270","363",49.38061631,30.22813727,19.07646748
"Lyonsia californica","P271","718",21.06348347,0.14024519,NA
"Lysippe sp","P272","994",53.99302805,20.06326651,4.144227263
"Lysippe sp A","P272","179",53.99302805,20.06326651,4.144227263
"Lysippe sp B","P272","938",53.99302805,20.06326651,4.144227263
"Lytechinus pictus","P273","791",8.008855652,-9.248964496,-16.35877489
"Macoma carlottensis","P274","2435",106.0361264,115.8216699,76.71107875
"Macoma nasuta","P275","696",125.3268155,154.5635555,NA
"Macoma yoldiformis","P276","643",19.72586582,69.99971652,73.70203341
"Mactridae","P277","1672",17.96820095,NA,NA
"Mactromeris hemphilli","P277","1820",17.96820095,NA,NA
"Mactrotoma californica","P277","1953",17.96820095,NA,NA
"Maera similis","P278","1313",20.72695838,-22.72199901,-40.30323706
"Magelona berkeleyi","P281","1065",26.80840491,29.52482183,-29.05480294
"Magelona hartmanae","P281","1411",26.80840491,29.52482183,-29.05480294
"Magelona hobsonae","P281","1847",26.80840491,29.52482183,-29.05480294
"Magelona longicornis","P281","360",26.80840491,29.52482183,-29.05480294
"Magelona pitelkai","P279","45",NA,52.91014147,NA
"Magelona riojai","P281","1620",26.80840491,29.52482183,-29.05480294
"Magelona sacculata","P280","47",-8.298830681,32.34393909,NA
"Magelona sp A","P281","849",26.80840491,29.52482183,-29.05480294
"Magelona sp B","P281","2388",26.80840491,29.52482183,-29.05480294
"Magelona sp SD10","P281","1542",26.80840491,29.52482183,-29.05480294
"Malacoceros indicus","P282","899",NA,-34.40974342,NA
"Maldane sarsi","P283","250",18.30797096,9.273021878,17.30947982
"Malmgreniella baschi","P284","1058",24.33431854,-2.572763377,9.458518486
"Malmgreniella scriptoria","P285","73",NA,-0.695429075,-0.049835111
"Marphysa disjuncta","P286","7",34.5888423,23.24032203,41.15004824
"Marphysa mortenseni","P286","2339",34.5888423,23.24032203,41.15004824
"Marphysa sp","P286","167",34.5888423,23.24032203,41.15004824
"Marphysa stylobranchiata","P286","2554",34.5888423,23.24032203,41.15004824
"Mayerella banksia","P287","385",4.689223221,-15.86540471,-36.98134698
"Mediomastus acutus","P288","1178",96.32479642,59.255275,20.53446279
"Mediomastus ambiseta","P288","1501",96.32479642,59.255275,20.53446279
"Mediomastus sp","P288","203",96.32479642,59.255275,20.53446279
"Megalomma pigmentum","P289","119",8.681513959,21.7969018,NA
"Megasurcula carpenteriana","P290","641",NA,7.159480545,NA
"Melanella rosa","P291","1333",4.102250445,16.45856702,-6.52559234
"Melanochlamys diomedea","P292","607",11.67341657,65.1710658,NA
"Melinna heterodonta","P293","1609",37.35052087,20.79775992,24.66106149
"Melinna oculata","P294","326",12.89106574,31.64937815,-2.050292693
"Melphisana bola Cmplx","P295","566",5.336580447,6.017418658,NA
"Mesochaetopterus sp","P296","1072",NA,2.540649781,NA
"Mesocrangon munitella","P297","1623",4.710339099,NA,NA
"Mesolamprops bispinosus","P298","874",NA,-0.678327752,NA
"Metacarcinus gracilis","P101","1449",3.260233517,38.09389287,NA
"Metaphoxus frequens","P299","1310",20.06901074,12.34413645,4.998790636
"Metasychis disparidentatus","P300","252",9.369626141,11.83671469,14.04291142
"Metedwardsia sp A","P160","2565",15.33546266,34.7314178,5.779622911
"Metopa dawsoni","P301","561",NA,-21.61745555,NA
"Micranellum crebricinctum","P094","729",2.90643104,-15.13318912,-34.56798149
"Micropodarke dubia","P302","342",50.54668236,54.97026603,NA
"Microspio pigmentata","P303","164",NA,0.004733949,2.42337762
"Modiolus neglectus","P304","2414",48.52629068,43.20560275,NA
"Modiolus rectus","P304","1223",48.52629068,43.20560275,NA
"Modiolus sacculifer","P304","2807",48.52629068,43.20560275,NA
"Modiolus sp","P304","640",48.52629068,43.20560275,NA
"Molpadia intermedia","P305","195",NA,-13.40339476,8.241980915
"Monocorophium acherusicum","P130","2213",25.66352863,34.04024834,NA
"Monocorophium insidiosum","P130","1823",25.66352863,34.04024834,NA
"Monoculodes emarginatus","P306","455",1.26638972,-0.930244318,12.32330058
"Monoculodes glyconicus","P306","2490",1.26638972,-0.930244318,12.32330058
"Monoculodes latissimanus","P306","2476",1.26638972,-0.930244318,12.32330058
"Monoculodes sp","P306","540",1.26638972,-0.930244318,12.32330058
"Monticellina cryptica","P059","843",68.80357744,85.58269517,39.28049587
"Monticellina serratiseta","P059","1935",68.80357744,85.58269517,39.28049587
"Monticellina siblina","P059","178",68.80357744,85.58269517,39.28049587
"Monticellina sp","P059","1516",68.80357744,85.58269517,39.28049587
"Monticellina sp 1","P059","2774",68.80357744,85.58269517,39.28049587
"Monticellina sp SD10","P059","2775",68.80357744,85.58269517,39.28049587
"Monticellina sp SD4","P059","2109",68.80357744,85.58269517,39.28049587
"Monticellina sp SD7","P059","2572",68.80357744,85.58269517,39.28049587
"Monticellina sp SD8","P059","2629",68.80357744,85.58269517,39.28049587
"Monticellina sp SD9","P059","2743",68.80357744,85.58269517,39.28049587
"Monticellina tesselata","P059","1829",68.80357744,85.58269517,39.28049587
"Mooreonuphis exigua","P308","1762",NA,-35.36365206,-32.40943032
"Mooreonuphis nebulosa","P307","356",-2.828131944,4.455329461,-34.38379541
"Mooreonuphis segmentispadix","P308","1760",NA,-35.36365206,-32.40943032
"Mooreonuphis sp SD1","P308","1797",NA,-35.36365206,-32.40943032
"Mooreonuphis sp SD2","P308","1986",NA,-35.36365206,-32.40943032
"Mooreonuphis stigmatis","P308","1134",NA,-35.36365206,-32.40943032
"Mooresamytha bioculata","P309","349",13.04593243,19.79139148,20.77150196
"Munnogonium tillerae","P310","831",NA,-5.684011081,NA
"Myriochele gracilis","P311","198",-2.075254744,-3.22101506,-2.632939903
"Myriochele sp","P311","330",-2.075254744,-3.22101506,-2.632939903
"Myriochele striolata","P311","32",-2.075254744,-3.22101506,-2.632939903
"Myriowenia californiensis","P312","53",NA,-15.83529996,NA
"Mysella pedroana","P313","2356",45.57539881,59.19916384,51.63272568
"Mysella sp","P313","756",45.57539881,59.19916384,51.63272568
"Mysella sp C","P313","2654",45.57539881,59.19916384,51.63272568
"Mysella sp H","P313","2335",45.57539881,59.19916384,51.63272568
"Myxicola sp","P314","1020",NA,0.132528822,NA
"Neastacilla californica","P319","412",20.585869,10.46244521,NA
"Nebalia daytoni","P320","1424",-2.995329348,26.04355402,NA
"Nebalia pugettensis Cmplx","P320","502",-2.995329348,26.04355402,NA
"Nebalia sp","P320","1667",-2.995329348,26.04355402,NA
"Nemocardium centifilosum","P321","636",NA,-38.96670257,-5.530190096
"Neocrangon zacae","P322","1110",NA,-14.63180888,NA
"Neomysis kadiakensis","P323","875",-2.226782586,11.08429672,NA
"Neosabellaria cementarium","P324","297",16.79082569,11.0318924,NA
"Neotrypaea gigas","P325","1221",45.03495813,38.8534078,4.892888931
"Neotrypaea sp","P325","519",45.03495813,38.8534078,4.892888931
"Nephtys caecoides","P326","247",8.179997241,32.78211413,24.56645556
"Nephtys cornuta","P327","76",65.2157657,54.36793488,51.34704278
"Nephtys ferruginea","P328","246",75.9680568,23.5245141,15.7914796
"Nereiphylla sp 2","P329","157",22.18482246,12.69076437,23.66852096
"Nereis latescens","P330","341",-3.104799564,NA,NA
"Nereis sp A","P331","77",46.22858951,71.74661089,66.54316361
"Nicippe tumida","P333","538",NA,-26.90124175,4.317000833
"Ninoe palmata","P334","2823",42.01796386,23.23426302,41.57715311
"Ninoe tridentata","P334","848",42.01796386,23.23426302,41.57715311
"Nodiscala spongiosa","P166","1836",1.069702048,29.47561014,NA
"Notocirrus californiensis","P335","902",-1.276255624,4.527492047,NA
"Notomastus latericeus","P336","1543",73.85794779,96.8649181,54.13417922
"Notomastus lineatus","P336","95",73.85794779,96.8649181,54.13417922
"Notomastus magnus","P336","350",73.85794779,96.8649181,54.13417922
"Notomastus sp","P336","214",73.85794779,96.8649181,54.13417922
"Notomastus sp A","P336","1173",73.85794779,96.8649181,54.13417922
"Notomastus sp SD1","P336","2215",73.85794779,96.8649181,54.13417922
"Notomastus sp SD2","P336","2179",73.85794779,96.8649181,54.13417922
"Notomastus sp SD3","P336","2457",73.85794779,96.8649181,54.13417922
"Notoproctus pacificus","P337","41",NA,-31.14479301,NA
"Nuculana conceptionis","P338","2432",13.45866887,19.53525469,16.82244169
"Nuculana hamata","P338","634",13.45866887,19.53525469,16.82244169
"Nuculana leonina","P338","2439",13.45866887,19.53525469,16.82244169
"Nuculana penderi","P338","1335",13.45866887,19.53525469,16.82244169
"Nuculana sp","P338","1340",13.45866887,19.53525469,16.82244169
"Nuculana sp A","P338","1303",13.45866887,19.53525469,16.82244169
"Nuculana taphria","P338","688",13.45866887,19.53525469,16.82244169
"Odontosyllis phosphorea","P339","2",31.01104455,38.64416457,NA
"Odostomia astricta","P340","974",26.95195398,30.06751168,26.88220063
"Odostomia eucosmia","P340","749",26.95195398,30.06751168,26.88220063
"Odostomia sp","P340","633",26.95195398,30.06751168,26.88220063
"Odostomia sp SD1","P340","747",26.95195398,30.06751168,26.88220063
"Ogyrides sp A","P341","877",-14.1831849,NA,NA
"Onuphis elegans","P343","1099",19.2449182,29.72580301,35.69446592
"Onuphis iridescens","P343","22",19.2449182,29.72580301,35.69446592
"Onuphis sp A","P343","355",19.2449182,29.72580301,35.69446592
"Opalia borealis","P166","1017",1.069702048,29.47561014,NA
"Opalia funiculata","P166","1624",1.069702048,29.47561014,NA
"Opalia sp","P166","1752",1.069702048,29.47561014,NA
"Ophelia pulchella","P344","151",-20.36807977,NA,NA
"Ophelina acuminata","P345","233",1.863987761,-1.596770219,-11.9910741
"Ophiodermella inermis","P346","758",7.143469207,-2.908526387,NA
"Ophiodermella sp","P346","1545",7.143469207,-2.908526387,NA
"Ophiodromus pugettensis","P409","13",121.3687183,156.1902168,NA
"Ophiura luetkenii","P347","796",NA,-7.50562025,-21.8499483
"Ophiuroconis bispinosa","P348","795",-2.445118918,-17.01899528,-26.67259206
"Opisa tridentata","P350","437",NA,-5.919608467,2.663963638
"Orchomene anaquelus","P351","1083",23.11840507,7.753407408,NA
"Orchomenella decipiens","P352","1084",33.45238432,8.606873676,11.6144463
"Orchomenella pacifica","P353","1265",NA,NA,-31.48856594
"Orchomenella pinguis","P354","1133",NA,29.91965542,NA
"Orthopagurus minimus","P355","911",13.58685544,22.82493554,NA
"Owenia collaris","P356","321",-9.305262724,24.70498179,NA
"Owenia johnsoni","P356","2463",-9.305262724,24.70498179,NA
"Oxyurostylis pacifica","P357","486",-5.665483685,25.72251419,NA
"Pachynus barnardi","P358","868",16.30498218,23.33091217,-19.41325132
"Paguristes bakeri","P359","563",NA,55.64245291,NA
"Paguristes turgidus","P360","518",NA,36.46665042,NA
"Pagurus armatus","P361","1974",119.1273247,78.62023257,NA
"Pagurus hartae","P361","2485",119.1273247,78.62023257,NA
"Pagurus quaylei","P361","2715",119.1273247,78.62023257,NA
"Pagurus redondoensis","P361","1472",119.1273247,78.62023257,NA
"Pagurus sp","P361","369",119.1273247,78.62023257,NA
"Pagurus spilocarpus","P361","1206",119.1273247,78.62023257,NA
"Paleanotus bellis","P362","1493",4.532749053,NA,NA
"Pandora bilirata","P363","680",NA,-10.83429628,NA
"Paradiopatra parva","P365","340",10.70258497,-21.64215561,11.83211182
"Paradoneis eliasoni","P366","971",NA,-12.0936372,NA
"Paradoneis lyra","P366","2086",NA,-12.0936372,NA
"Paradoneis sp","P366","2045",NA,-12.0936372,NA
"Paradoneis sp SD1","P366","2110",NA,-12.0936372,NA
"Paramage scutata","P367","138",21.54351448,-13.79858983,-2.076991614
"Parametaphoxus sp 1","P368","1936",40.51891442,35.78164918,NA
"Paramicrodeutopus schmitti","P369","2220",13.94503594,NA,NA
"Paranaitis polynoides","P370","308",NA,40.89690854,NA
"Parandalia fauveli","P371","114",22.99146343,37.99707291,NA
"Parapagurodes laurentae","P372","1205",NA,9.536439629,-8.794111409
"Paraprionospio alata","P373","273",10.60791387,21.74618478,38.60814721
"Parasterope hulingsi","P374","1648",NA,17.86245216,NA
"Pardaliscella symmetrica","P375","1754",NA,NA,2.222030672
"Parougia caeca","P376","1123",35.70997527,72.89191677,NA
"Parvilucina tenuisculpta","P377","629",61.34667965,84.08422587,76.66995032
"Pectinaria californiensis","P378","316",40.76374123,28.05438441,31.22891317
"Periploma discus","P379","726",18.79382112,33.78649639,NA
"Petaloproctus neoborealis","P380","954",NA,-7.367683511,NA
"Petricola carditoides","P381","2503",73.57033491,100.9670695,NA
"Pherusa neopapillata","P382","216",29.33055519,18.96243838,7.809573433
"Philine bakeri","P383","2061",6.245010382,NA,NA
"Philine sp A","P384","591",34.32750371,12.7258875,NA
"Phisidia sanctaemariae","P244","283",5.80909745,-37.3534973,-19.11279504
"Pholoe glabra","P385","291",39.88541484,-4.777270258,15.44570488
"Pholoides asperus","P386","315",NA,-21.14709862,-56.58396036
"PHORONA","P387","2245",17.85902277,8.07738306,-2.305505107
"Phoronis sp","P387","769",17.85902277,8.07738306,-2.305505107
"Phoronis sp SD1","P387","2637",17.85902277,8.07738306,-2.305505107
"Phoronopsis sp","P387","1790",17.85902277,8.07738306,-2.305505107
"Photis bifurcata","P388","1025",14.73351922,7.94416839,-9.399154057
"Photis brevipes","P388","545",14.73351922,7.94416839,-9.399154057
"Photis californica","P388","411",14.73351922,7.94416839,-9.399154057
"Photis cf parvidons","P388","1645",14.73351922,7.94416839,-9.399154057
"Photis chiconola","P388","1838",14.73351922,7.94416839,-9.399154057
"Photis conchicola","P388","1092",14.73351922,7.94416839,-9.399154057
"Photis lacia","P388","1168",14.73351922,7.94416839,-9.399154057
"Photis linearmanus","P388","1023",14.73351922,7.94416839,-9.399154057
"Photis macinerneyi","P388","1075",14.73351922,7.94416839,-9.399154057
"Photis macrotica","P388","1212",14.73351922,7.94416839,-9.399154057
"Photis parvidons","P388","1438",14.73351922,7.94416839,-9.399154057
"Photis sp","P388","544",14.73351922,7.94416839,-9.399154057
"Photis sp A","P388","2600",14.73351922,7.94416839,-9.399154057
"Photis sp B","P388","1817",14.73351922,7.94416839,-9.399154057
"Photis sp C","P388","1611",14.73351922,7.94416839,-9.399154057
"Photis sp E","P388","1649",14.73351922,7.94416839,-9.399154057
"Photis sp OC1","P388","1650",14.73351922,7.94416839,-9.399154057
"Photis sp SD10","P388","2077",14.73351922,7.94416839,-9.399154057
"Photis sp SD11","P388","2310",14.73351922,7.94416839,-9.399154057
"Photis sp SD12","P388","2297",14.73351922,7.94416839,-9.399154057
"Photis sp SD13","P388","2358",14.73351922,7.94416839,-9.399154057
"Photis sp SD5","P388","1861",14.73351922,7.94416839,-9.399154057
"Photis sp SD7","P388","1931",14.73351922,7.94416839,-9.399154057
"Photis viuda","P388","2475",14.73351922,7.94416839,-9.399154057
"Phyllochaetopterus limicolus","P389","1174",63.51131547,9.374719575,12.84119003
"Phyllochaetopterus prolifica","P390","1074",-6.242629952,-17.83293438,NA
"Phyllodoce cuspidata","P391","5",6.245900023,35.74005604,34.88071682
"Phyllodoce groenlandica","P391","3",6.245900023,35.74005604,34.88071682
"Phyllodoce hartmanae","P391","312",6.245900023,35.74005604,34.88071682
"Phyllodoce longipes","P391","190",6.245900023,35.74005604,34.88071682
"Phyllodoce medipapillata","P391","4",6.245900023,35.74005604,34.88071682
"Phyllodoce pettiboneae","P391","1136",6.245900023,35.74005604,34.88071682
"Phyllodoce sp","P391","10",6.245900023,35.74005604,34.88071682
"Phyllodoce sp SD2","P391","1786",6.245900023,35.74005604,34.88071682
"Pilargis berkeleyae","P392","305",49.47488186,43.81797825,NA
"Pinnixa franciscana","P393","451",67.83969821,50.02175834,NA
"Pinnixa hiatus","P394","962",61.61511363,79.0624607,NA
"Pinnixa longipes","P395","841",-1.681259745,NA,NA
"Pinnixa occidentalis Cmplx","P396","449",39.22764549,24.21555802,41.24702155
"Pinnixa tomentosa","P397","1146",21.65780362,NA,NA
"Pinnixa tubicola","P398","929",20.10712463,22.76130061,NA
"Pionosyllis articulata","P399","28",NA,-10.13905924,NA
"Pionosyllis sp","P399","2556",NA,-10.13905924,NA
"Pionosyllis sp SD2","P399","1654",NA,-10.13905924,NA
"Piromis sp A","P400","217",NA,-10.80638315,NA
"Pista brevibranchiata","P401","69",36.38893627,25.07150697,-2.897097238
"Pista estevanica","P404","183",27.46743793,9.458794591,-10.34332958
"Pista moorei","P403","27",31.76604653,12.07563686,NA
"Pista wui","P402","182",19.91804123,36.17715963,30.23348432
"Platynereis bicanaliculata","P405","241",5.118047659,32.2186676,NA
"Pleurobranchaea californica","P406","1103",NA,-14.6526007,NA
"Pleurogonium californiense","P407","1329",NA,-24.63666766,-21.96947325
"Pleusymtes subglaber","P408","417",15.40262513,27.05945981,NA
"Podarkeopsis glabrus","P410","258",51.91242322,47.53582185,95.60730207
"Podarkeopsis sp A","P411","359",34.54605869,24.62233394,NA
"Podocerus brasiliensis","P412","2120",NA,-34.44461151,NA
"Podocerus cristatus","P412","535",NA,-34.44461151,NA
"Podocerus fulanus","P412","2004",NA,-34.44461151,NA
"Podochela hemphillii","P413","523",26.17831662,3.419499312,NA
"Podochela lobifrons","P413","1341",26.17831662,3.419499312,NA
"Poecilochaetus johnsoni","P414","304",30.43284893,41.98571214,8.190963955
"Poecilochaetus sp A","P415","855",33.36921656,16.31851694,NA
"Polycirrus californicus","P418","1204",-1.050328451,-5.026362925,1.855713517
"Polycirrus sp","P418","1528",-1.050328451,-5.026362925,1.855713517
"Polycirrus sp A","P418","1518",-1.050328451,-5.026362925,1.855713517
"Polycirrus sp I","P418","1507",-1.050328451,-5.026362925,1.855713517
"Polycirrus sp III","P418","1512",-1.050328451,-5.026362925,1.855713517
"Polycirrus sp OC1","P418","2188",-1.050328451,-5.026362925,1.855713517
"Polycirrus sp SD1","P418","1552",-1.050328451,-5.026362925,1.855713517
"Polycirrus sp SD3","P418","2400",-1.050328451,-5.026362925,1.855713517
"Polycirrus sp V","P418","1640",-1.050328451,-5.026362925,1.855713517
"Polydora bioccipitalis","P419","1860",18.70734419,28.91058323,-0.351760554
"Polydora cirrosa","P419","1616",18.70734419,28.91058323,-0.351760554
"Polydora cornuta","P419","2149",18.70734419,28.91058323,-0.351760554
"Polydora limicola","P419","1606",18.70734419,28.91058323,-0.351760554
"Polydora sp","P419","275",18.70734419,28.91058323,-0.351760554
"Polydora sp SD1","P419","2573",18.70734419,28.91058323,-0.351760554
"Polygireulima rutila","P291","611",4.102250445,16.45856702,-6.52559234
"Polyschides quadrifissatus","P468","760",NA,-8.190879292,-5.356182327
"Postasterope barnesi","P374","878",NA,17.86245216,NA
"Potamethus sp A","P420","987",32.94795798,-31.0947548,-15.28354364
"Prachynella lodo","P421","432",NA,19.11906147,23.04431461
"Praxillella gracilis","P422","1496",12.96838626,15.64474465,10.41648124
"Praxillella pacifica","P422","249",12.96838626,15.64474465,10.41648124
"Praxillura maculata","P423","944",3.736117373,6.38508424,NA
"Prionospio (Minuspio) lighti","P426","272",63.62194079,27.82498934,34.55441197
"Prionospio (Prionospio) dubia","P424","857",55.50151836,31.4655419,32.6467667
"Prionospio (Prionospio) ehlersi","P425","1941",NA,NA,36.6384772
"Prionospio (Prionospio) jubata","P424","856",55.50151836,31.4655419,32.6467667
"Procampylaspis caenosa","P427","873",NA,-28.01222969,-30.86277411
"Proceraea sp","P428","337",NA,-5.40650755,NA
"Proclea sp A","P429","1183",NA,-58.22143263,NA
"Protocirrineris sp A","P059","1433",68.80357744,85.58269517,39.28049587
"Protocirrineris sp B","P059","1883",68.80357744,85.58,39.28049587
"Protodorvillea gracilis","P430","122",-9.264448583,-1.107805428,NA
"Protomedeia articulata Cmplx","P431","570",NA,-9.097478133,-13.02694685
"Protomedeia sp","P431","1669",NA,-9.097478133,-13.02694685
"Pyromaia tuberculata","P433","908",31.56964097,40.27045143,NA
"Randallia ornata","P434","521",18.51804734,23.78594585,NA
"Rhabdus rectius","P435","2082",34.76501181,41.91850806,29.97804342
"Rhachotropis barnardi","P436","2495",NA,-9.355088795,37.45670292
"Rhachotropis distincta","P436","2729",NA,-9.355088795,37.45670292
"Rhachotropis sp","P436","1517",NA,-9.355088795,37.45670292
"Rhachotropis sp A","P436","961",NA,-9.355088795,37.45670292
"Rhamphidonta retifera","P437","2597",NA,63.50204832,NA
"Rhamphobrachium longisetosum","P438","88",NA,-17.79765067,NA
"Rhepoxynius abronius","P439","390",-33.46012403,NA,NA
"Rhepoxynius bicuspidatus","P440","441",12.52807444,-15.02171629,-16.27075412
"Rhepoxynius heterocuspidatus","P441","1093",-8.131734036,5.504008029,NA
"Rhepoxynius lucubrans","P442","1712",NA,-20.09270492,NA
"Rhepoxynius menziesi","P443","555",-11.77401356,11.25787477,NA
"Rhepoxynius stenodes","P444","562",-2.414892347,4.434070391,NA
"Rhepoxynius variatus","P445","463",-30.81157703,-10.136769,NA
"Rhodine bitorquata","P446","171",NA,-20.80803768,2.363907399
"Rictaxis punctocaelatus","P447","628",74.70224248,76.76971664,63.63993686
"Rochefortia coani","P313","608",45.57539881,59.19916384,51.63272568
"Rochefortia compressa","P313","885",45.57539881,59.19916384,51.63272568
"Rochefortia grippi","P313","700",45.57539881,59.19916384,51.63272568
"Rochefortia mortoni","P313","884",45.57539881,59.19916384,51.63272568
"Rochefortia sp","P313","2688",45.57539881,59.19916384,51.63272568
"Rochefortia tumida","P313","639",45.57539881,59.19916384,51.63272568
"Rocinela angustata","P448","1937",NA,NA,29.96827554
"Romaleon jordani","P102","490",8.275840797,10.78271487,NA
"Rudilemboides sp","P449","2198",3.981677467,9.201324182,NA
"Rudilemboides sp A","P449","924",3.981677467,9.201324182,NA
"Rudilemboides sp HYP1","P449","2320",3.981677467,9.201324182,NA
"Rudilemboides stenopropodus","P449","2159",3.981677467,9.201324182,NA
"Rutiderma chessi","P450","2559",10.8896961,6.492889287,-15.19649703
"Rutiderma hartmanni","P450","2138",10.8896961,6.492889287,-15.19649703
"Rutiderma judayi","P450","2222",10.8896961,6.492889287,-15.19649703
"Rutiderma lomae","P450","879",10.8896961,6.492889287,-15.19649703
"Rutiderma rostratum","P450","772",10.8896961,6.492889287,-15.19649703
"Rutiderma rotundum","P450","2065",10.8896961,6.492889287,-15.19649703
"Rutiderma sp","P450","473",10.8896961,6.492889287,-15.19649703
"Sabellides manriquei","P451","943",-15.24105742,-34.57854094,NA
"Saccoglossus sp","P163","1902",55.12070874,11.42300989,2.466443016
"Saccoglossus sp SD1","P163","2043",55.12070874,11.42300989,2.466443016
"Samytha californiensis","P452","839",NA,-5.733169312,2.674033039
"Saxicavella nybakkeni","P453","630",35.80478603,12.28777232,23.92716919
"Saxicavella pacifica","P454","627",54.81908851,23.69170835,59.5369282
"Saxidomus nuttalli","P455","2204",51.10137589,NA,NA
"Scalibregma californicum","P456","293",11.55456535,4.261795211,-10.98325845
"Schizocardium sp","P163","1827",55.12070874,11.42300989,2.466443016
"Scleroconcha trituberculata","P457","1270",NA,NA,-7.274107317
"Scleroplax granulata","P458","1222",61.16674581,74.45087616,NA
"Scolanthus sp A","P160","833",15.33546266,34.7314178,5.779622911
"Scolelepis (Parascolelepis) sp SD2","P460","2541",7.686148835,18.7128376,NA
"Scolelepis (Parascolelepis) texana","P460","1331",7.686148835,18.7128376,NA
"Scolelepis (Parascolelepis) tridentata","P460","1693",7.686148835,18.7128376,NA
"Scolelepis (Scolelepis) occidentalis","P459","68",NA,8.458072075,NA
"Scolelepis (Scolelepis) squamata","P460","150",7.686148835,18.7128376,NA
"Scoletoma erecta","P270","2196",49.38061631,30.22813727,19.07646748
"Scoletoma sp A","P270","2158",49.38061631,30.22813727,19.07646748
"Scoletoma sp B","P270","2211",49.38061631,30.22813727,19.07646748
"Scoletoma sp C","P270","2126",49.38061631,30.22813727,19.07646748
"Scoletoma tetraura Cmplx","P270","1113",49.38061631,30.22813727,19.07646748
"Scoloplos armiger Cmplx","P461","334",-1.534809635,-9.159330733,-20.70508025
"Sigalion spinosus","P463","265",-19.61730239,-12.02379805,NA
"Sigambra tentaculata","P464","74",79.22897814,77.74486378,34.7928056
"Sige sp A","P465","115",19.69289882,23.39286631,18.87748714
"Siliqua lucida","P466","669",36.80675045,NA,NA
"Simomactra falcata","P277","921",17.96820095,NA,NA
"Sinocorophium sp","P130","2063",25.66352863,34.04024834,NA
"Sinum scopulosum","P467","677",37.36307782,29.40374454,NA
"Solamen columbianum","P469","642",22.41365281,4.945947733,NA
"Solariella peramabilis","P470","1148",NA,NA,-58.4148652
"Solemya pervernicosa","P471","625",91.27496855,98.83142409,133.3868929
"Solen rostriformis","P472","2190",24.667665,27.54546217,NA
"Solen sicarius","P472","721",24.667665,27.54546217,NA
"Solen sp","P472","1569",24.667665,27.54546217,NA
"Sosane occidentalis","P473","1051",NA,-53.00857355,NA
"Sosanopsis sp A","P473","1842",NA,-53.00857355,NA
"Sphaerosyllis bilineata","P474","2014",22.69887436,NA,NA
"Sphaerosyllis californiensis","P474","139",22.69887436,NA,NA
"Sphaerosyllis ranunculus","P474","1584",22.69887436,NA,NA
"Sphaerosyllis sp","P474","1660",22.69887436,NA,NA
"Sphaerosyllis sp SD2","P474","1835",22.69887436,NA,NA
"Spio filicornis","P475","1167",4.941708495,-19.95649735,-18.32912688
"Spio maciolekae","P475","107",4.941708495,-19.95649735,-18.32912688
"Spio maculata","P475","1707",4.941708495,-19.95649735,-18.32912688
"Spio sp","P475","2771",4.941708495,-19.95649735,-18.32912688
"Spiochaetopterus costarum Cmplx","P476","212",36.41178098,54.49154006,16.58774236
"Spiophanes berkeleyorum","P477","269",24.19862057,33.7528156,38.76255565
"Spiophanes duplex","P480","268",6.131382726,8.546235537,-1.569442646
"Spiophanes kimballi","P479","1175",22.35393439,-17.44967325,-2.592158894
"Spiophanes norrisi","P478","270",-2.309204436,12.05457548,-23.74596506
"Spiophanes wigleyi","P481","1139",NA,NA,8.464868466
"Stenothoides bicoma","P482","773",9.458691665,10.04369511,NA
"Stereobalanus sp","P163","1822",55.12070874,11.42300989,2.466443016
"Sternaspis fossor","P483","288",34.24621797,-17.30122829,-1.457815246
"Sthenelais fusca","P484","1264",12.7919895,3.4331896,3.813058287
"Sthenelais tertiaglabra","P484","267",12.7919895,3.4331896,3.813058287
"Sthenelais verruculosa","P485","123",-7.501843295,4.954278227,NA
"Sthenelanella uniformis","P486","266",9.819267244,-6.64920116,-3.411284256
"Streblosoma crassibranchia","P487","176",40.35243674,25.37803739,17.44703765
"Streblosoma pacifica","P487","2429",40.35243674,25.37803739,17.44703765
"Streblosoma sp","P487","65",40.35243674,25.37803739,17.44703765
"Streblosoma sp B","P487","1041",40.35243674,25.37803739,17.44703765
"Streblosoma sp SD1","P487","2267",40.35243674,25.37803739,17.44703765
"Streblosoma sp SF1","P487","2647",40.35243674,25.37803739,17.44703765
"Strongylocentrotus fragilis","P020","1271",NA,NA,23.61781263
"Stylatula elongata","P488","371",28.67862145,34.01671295,NA
"Subadyte mexicana","P489","1066",NA,-13.3974077,-1.390906161
"Sulcoretusa xystrum","P490","694",25.43837564,27.83430643,NA
"Synidotea harfordi","P497","1977",5.955769739,13.62057047,NA
"Synidotea magnifica","P497","504",5.955769739,13.62057047,NA
"Synidotea media","P497","1492",5.955769739,13.62057047,NA
"Synidotea sp","P497","1625",5.955769739,13.62057047,NA
"Syrrhoe sp A","P498","2478",NA,NA,6.095401984
"Tellina cadieni","P499","1338",36.78471314,51.34421622,49.09942687
"Tellina carpenteri","P499","623",36.78471314,51.34421622,49.09942687
"Tellina idae","P500","624",16.60204508,35.48735413,NA
"Tellina modesta","P501","886",-2.983122931,39.48510559,4.193136047
"Tenonia priops","P502","301",14.59568312,44.79353511,NA
"Terebellides californica","P503","277",24.92657518,-6.834567137,0.329964261
"Terebellides reishi","P503","1213",24.92657518,-6.834567137,0.329964261
"Terebellides sp","P503","1119",24.92657518,-6.834567137,0.329964261
"Terebellides sp SD1","P503","2746",24.92657518,-6.834567137,0.329964261
"Terebellides sp Type C","P503","1376",24.92657518,-6.834567137,0.329964261
"Terebellides sp Type D","P503","582",24.92657518,-6.834567137,0.329964261
"Thelepus setosus","P504","2347",NA,12.84146844,NA
"Thesea sp B","P505","893",NA,-3.635579365,NA
"Thracia sp","P379","621",18.79382112,33.78649639,NA
"Thracia trapezoides","P379","1430",18.79382112,33.78649639,NA
"Thyasira flexuosa","P506","620",39.96849165,45.54123266,42.65485659
"Tiron biocellata","P507","534",7.912381185,14.58120772,NA
"Trachycardium quadragenarium","P508","724",18.73795606,10.96052177,NA
"Travisia brevis","P510","187",NA,-37.02607435,-11.48983644
"Tritella pilimana","P511","1130",NA,-14.47132975,NA
"Turbonilla sp","P512","619",46.14974711,45.78198314,13.63558838
"Turbonilla sp A","P512","952",46.14974711,45.78198314,13.63558838
"Turbonilla sp SD1","P512","671",46.14974711,45.78198314,13.63558838
"Turbonilla sp SD2","P512","882",46.14974711,45.78198314,13.63558838
"Turbonilla sp SD5","P512","1420",46.14974711,45.78198314,13.63558838
"Turbonilla sp SD6","P512","1522",46.14974711,45.78198314,13.63558838
"Turbonilla sp SD7","P512","1708",46.14974711,45.78198314,13.63558838
"Turbonilla sp SD8","P512","2124",46.14974711,45.78198314,13.63558838
"Turbonilla sp SD9","P512","2081",46.14974711,45.78198314,13.63558838
"Typosyllis farallonensis","P493","1016",0.036546085,NA,NA
"Typosyllis heterochaeta","P491","158",5.102963912,5.754400993,15.1326719
"Typosyllis hyperioni","P492","1108",19.94802973,9.168133916,NA
"Typosyllis sp SD1","P494","1635",7.357108829,14.31270506,102.7251105
"Typosyllis sp SD2","P494","1632",7.357108829,14.31270506,102.7251105
"Typosyllis sp SD3","P494","1551",7.357108829,14.31270506,102.7251105
"Typosyllis sp SD4","P494","2426",7.357108829,14.31270506,102.7251105
"Typosyllis sp SD5","P494","2427",7.357108829,14.31270506,102.7251105
"Typosyllis sp SD6","P494","2543",7.357108829,14.31270506,102.7251105
"Upogebia lepta","P513","957",NA,1.002959312,NA
"Urothoe elegans Cmplx","P514","1266",NA,-41.71155813,-41.88029788
"Vargula tsujii","P515","1112",NA,0.035164936,NA
"Vitreolina columbiana","P291","1285",4.102250445,16.45856702,-6.52559234
"Vitreolina macra","P291","2078",4.102250445,16.45856702,-6.52559234
"Vitreolina sp","P291","2500",4.102250445,16.45856702,-6.52559234
"Vitreolina yod","P291","2336",4.102250445,16.45856702,-6.52559234
"Vitrinella sp","P516","675",NA,61.32097341,NA
"Volvulella californica","P517","757",NA,-11.55379215,-0.632519989
"Volvulella cylindrica","P518","685",-2.705683726,12.91224218,NA
"Volvulella panamica","P519","618",51.06572368,31.79985662,22.6181136
"Westwoodilla tone","P520","423",40.41873125,17.58196328,2.473817932
"Xenoleberis californica","P080","767",45.95417502,30.60998521,-15.44545681
